run,bottleneck,bits_per_clip,FID,FID_var,FID_conf,Diversity,Diversity_var,Diversity_conf,TOP1,TOP1_var,TOP1_conf,TOP2,TOP2_var,TOP2_conf,TOP3,TOP3_var,TOP3_conf,Matching,Matching_var,Matching_conf,MPJPE,MPJPE_var,MPJPE_conf,Multimodality,Multimodality_var,Multimodality_conf
vae_repro,Gaussian + KL,continuous (~17000-22000 effective),0.0035,0.00000001,0.0000,9.510,0.0323,0.079,0.5106,0.000025,0.0022,0.7021,0.000025,0.0022,0.7969,0.000013,0.0016,2.9693,0.00010,0.0043,0.0164,0.0000000,0.0000,0.0000,0.000000,0.0000
skelvq_bsq,BSQ (1 bit/ch x 32 x 4 scales),14336,0.0205,0.00000025,0.0002,9.432,0.0256,0.070,0.5091,0.000036,0.0026,0.7007,0.000023,0.0021,0.7956,0.000019,0.0019,2.9919,0.00021,0.0063,0.0294,0.0000000,0.0000,0.0000,0.000000,0.0000
skelvq_fsq,FSQ L=8 (3 bits/ch x 32 x 4 scales),43008,0.0071,0.00000005,0.0001,9.438,0.0233,0.067,0.5120,0.000034,0.0026,0.7036,0.000028,0.0023,0.7973,0.000012,0.0015,2.9768,0.00018,0.0059,0.0188,0.0000000,0.0000,0.0000,0.000000,0.0000
